Workbook

Sheet Requisitos
A1: ID Requisito | B1: Descrição | C1: Tipo | D1: Prioridade | E1: Status

Sheet Casos_de_Uso
A1: ID Caso de Uso | B1: Requisito Relacionado | C1: Descrição

Sheet Testes
A1: ID Teste | B1: Caso de Uso | C1: Status | D1: Resultado

Sheet Defeitos
A1: ID Defeito | B1: Requisito Relacionado | C1: Severidade | D1: Status

Sheet Mudancas
A1: ID Mudança | B1: Requisito Afetado | C1: Tipo de Mudança | D1: Status

Sheet Analises
A1: Análises de Rastreabilidade
A2: Indicadores (KPIs) | D2: Requisitos por Status | H2: Defeitos por Requisito
A3: Total de Requisitos | B3: =COUNTA(Requisitos!A2:A500) | D3: Categoria | E3: Quantidade | H3: Requisito | I3: Qtd Defeitos
A4: Requisitos com Caso de Uso | B4: =SUMPRODUCT((Requisitos!A2:A500<>"")*(COUNTIF(Casos_de_Uso!B2:B500,Requisitos!A2:A500)>0)) | D4: Planejado | E4: =COUNTIF(Requisitos!E2:E500,$D4) | I4: =IF($H4="","",COUNTIF(Defeitos!B2:B500,$H4))
A5: Requisitos com Teste | B5: =SUMPRODUCT((Requisitos!A2:A500<>"")*(COUNTIF(Casos_de_Uso!B2:B500,Requisitos!A2:A500)>0)) | D5: Em Desenvolvimento | E5: =COUNTIF(Requisitos!E2:E500,$D5) | I5: =IF($H5="","",COUNTIF(Defeitos!B2:B500,$H5))
A6: Requisitos com Defeito | B6: =SUMPRODUCT((Requisitos!A2:A500<>"")*(COUNTIF(Defeitos!B2:B500,Requisitos!A2:A500)>0)) | D6: Em Teste | E6: =COUNTIF(Requisitos!E2:E500,$D6) | I6: =IF($H6="","",COUNTIF(Defeitos!B2:B500,$H6))
A7: Requisitos SEM Teste | B7: =B3-B5 | D7: Concluído | E7: =COUNTIF(Requisitos!E2:E500,$D7) | I7: =IF($H7="","",COUNTIF(Defeitos!B2:B500,$H7))
A8: Cobertura de Testes (%) | B8: =IFERROR(B5/B3*100,"") | D8: Cancelado | E8: =COUNTIF(Requisitos!E2:E500,$D8) | I8: =IF($H8="","",COUNTIF(Defeitos!B2:B500,$H8))
A9: Cobertura de Casos de Uso (%) | B9: =IFERROR(B4/B3*100,"") | I9: =IF($H9="","",COUNTIF(Defeitos!B2:B500,$H9))
D10: Requisitos por Tipo | I10: =IF($H10="","",COUNTIF(Defeitos!B2:B500,$H10))
D11: Categoria | E11: Quantidade | I11: =IF($H11="","",COUNTIF(Defeitos!B2:B500,$H11))
D12: Funcional | E12: =COUNTIF(Requisitos!C2:C500,$D12) | I12: =IF($H12="","",COUNTIF(Defeitos!B2:B500,$H12))
D13: Não Funcional | E13: =COUNTIF(Requisitos!C2:C500,$D13) | I13: =IF($H13="","",COUNTIF(Defeitos!B2:B500,$H13))
D14: Regra de Negócio | E14: =COUNTIF(Requisitos!C2:C500,$D14) | I14: =IF($H14="","",COUNTIF(Defeitos!B2:B500,$H14))
I15: =IF($H15="","",COUNTIF(Defeitos!B2:B500,$H15))
D16: Cobertura (Casos de Uso / Testes) | I16: =IF($H16="","",COUNTIF(Defeitos!B2:B500,$H16))
D17: Categoria | E17: % | I17: =IF($H17="","",COUNTIF(Defeitos!B2:B500,$H17))
D18: Cobertura de Casos de Uso | E18: =B9 | I18: =IF($H18="","",COUNTIF(Defeitos!B2:B500,$H18))
D19: Cobertura de Testes | E19: =B8

Sheet Dashboards
A1: Painel de Rastreabilidade
A3: Indicadores (KPIs)
A4: Total de Requisitos | B4: =Analises!B3
A5: Cobertura de Testes (%) | B5: =Analises!B8
A6: Cobertura de Casos de Uso (%) | B6: =Analises!B9
A7: Requisitos SEM Teste | B7: =Analises!B7

Sheet Listas
A1: Status | B1: Tipo de Requisito | C1: Severidade | D1: Tipo de Mudança | E1: Status Teste
A2: Planejado | B2: Funcional | C2: Crítica | D2: Inclusão | E2: Não Executado
A3: Em Desenvolvimento | B3: Não Funcional | C3: Alta | D3: Alteração | E3: Aprovado
A4: Em Teste | B4: Regra de Negócio | C4: Média | D4: Exclusão | E4: Reprovado
A5: Concluído | C5: Baixa | D5: Correção | E5: Bloqueado
A6: Cancelado
